{"returns": [3782.537209387433, 3773.2360895029465, 3775.263328642958, 3772.8265609682326, 3777.9693239307308, 3780.8320901388715, 3779.54156495748, 3775.541758626629, 3776.1150703334893, 3778.2752981801855], "mean_return": 3777.213829466895, "std_return": 3.0236420156742727}