{"returns": [3776.0758525698566, 3781.483286318889, 3779.939202638232, 3778.698999667754, 3785.553524652662, 3780.496984972536, 3776.4839846114096, 3777.490031575162, 3778.6423268471362, 3784.295147144522, 3780.383962250377, 3780.063624896897, 3777.4514795379755, 3782.7600133930264, 3777.4808413030164, 3783.8351957030645, 3781.2181038460935, 3779.0135242855126, 3772.750325000117, 3781.039341284101], "mean_return": 3779.7577876249175, "std_return": 2.996485070261044}