{"returns": [3773.3942709832727, 3774.937626437318, 3779.9407216102277, 3777.024532498781, 3777.5312959717103, 3775.9962834079065, 3780.2408140873536, 3778.688673426595, 3774.8254991015606, 3783.6914485768552], "mean_return": 3777.6271166101587, "std_return": 2.934595610478587}