{"returns": [3773.8273397822877], "mean_return": 3773.8273397822877, "std_return": 0.0}