{"returns": [3777.1618028136736], "mean_return": 3777.1618028136736, "std_return": 0.0}