{"returns": [3779.32430442129], "mean_return": 3779.32430442129, "std_return": 0.0}